{":version":"3.13.0",":examples":[{":description":"has a column called 'encrypted_password' of type 'string'",":full_description":"User has a column called 'encrypted_password' of type 'string'",":hint":null,":status":"failed",":points":1,":file_path":"./spec/features/00_user_model_spec.rb",":line_number":4,":run_time":0.029612521,":exception":{":class":"NameError",":message":"uninitialized constant User",":backtrace":["./spec/features/00_user_model_spec.rb:5:in `block (2 levels) in <top (required)>'","/home/student/.rvm/ruby-3.2.1/gems/webmock-3.23.1/lib/webmock/rspec.rb:39:in `block (2 levels) in <top (required)>'"]}},{":description":"does not have a password column",":full_description":"User does not have a password column",":hint":null,":status":"failed",":points":1,":file_path":"./spec/features/00_user_model_spec.rb",":line_number":14,":run_time":0.000936638,":exception":{":class":"NameError",":message":"uninitialized constant User",":backtrace":["./spec/features/00_user_model_spec.rb:15:in `block (2 levels) in <top (required)>'","/home/student/.rvm/ruby-3.2.1/gems/webmock-3.23.1/lib/webmock/rspec.rb:39:in `block (2 levels) in <top (required)>'"]}},{":description":"has form to sign in a User",":full_description":"/users/sign_in has form to sign in a User",":hint":null,":status":"failed",":points":1,":file_path":"./spec/features/01_signin_spec.rb",":line_number":4,":run_time":0.241197118,":exception":{":class":"RSpec::Expectations::ExpectationNotMetError",":message":"Expect '/users/sign_in' page to have exactly one form tag, but couldn't find one. ",":backtrace":["./spec/features/01_signin_spec.rb:7:in `block (2 levels) in <main>'","/home/student/.rvm/ruby-3.2.1/gems/webmock-3.23.1/lib/webmock/rspec.rb:39:in `block (2 levels) in <top (required)>'"]}},{":description":"has a label with the text 'Email'",":full_description":"/users/sign_in has a label with the text 'Email'",":hint":null,":status":"failed",":points":1,":file_path":"./spec/features/01_signin_spec.rb",":line_number":13,":run_time":0.215526381,":exception":{":class":"RSpec::Expectations::ExpectationNotMetError",":message":"Expected page to have exactly 1 label tag with text 'Email', but didn't find one.",":backtrace":["./spec/features/01_signin_spec.rb:16:in `block (2 levels) in <main>'","/home/student/.rvm/ruby-3.2.1/gems/webmock-3.23.1/lib/webmock/rspec.rb:39:in `block (2 levels) in <top (required)>'"]}},{":description":"has a label with the text 'Password'",":full_description":"/users/sign_in has a label with the text 'Password'",":hint":null,":status":"failed",":points":1,":file_path":"./spec/features/01_signin_spec.rb",":line_number":22,":run_time":0.196086605,":exception":{":class":"RSpec::Expectations::ExpectationNotMetError",":message":"Expected page to have exactly 1 label tag with text 'Password', but didn't find one.",":backtrace":["./spec/features/01_signin_spec.rb:25:in `block (2 levels) in <main>'","/home/student/.rvm/ruby-3.2.1/gems/webmock-3.23.1/lib/webmock/rspec.rb:39:in `block (2 levels) in <top (required)>'"]}},{":description":"redirects you to the homepage when form is submitted",":full_description":"/users/sign_in redirects you to the homepage when form is submitted",":hint":null,":status":"failed",":points":1,":file_path":"./spec/features/01_signin_spec.rb",":line_number":31,":run_time":0.001040362,":exception":{":class":"NameError",":message":"uninitialized constant User",":backtrace":["./spec/features/01_signin_spec.rb:32:in `block (2 levels) in <main>'","/home/student/.rvm/ruby-3.2.1/gems/webmock-3.23.1/lib/webmock/rspec.rb:39:in `block (2 levels) in <top (required)>'"]}},{":description":"displays the 'Sign out' link when user is signed in",":full_description":"/users/sign_in displays the 'Sign out' link when user is signed in",":hint":null,":status":"failed",":points":1,":file_path":"./spec/features/01_signin_spec.rb",":line_number":50,":run_time":0.000743016,":exception":{":class":"NameError",":message":"uninitialized constant User",":backtrace":["./spec/features/01_signin_spec.rb:51:in `block (2 levels) in <main>'","/home/student/.rvm/ruby-3.2.1/gems/webmock-3.23.1/lib/webmock/rspec.rb:39:in `block (2 levels) in <top (required)>'"]}},{":description":"has form to sign up a User",":full_description":"/users/sign_up has form to sign up a User",":hint":null,":status":"failed",":points":1,":file_path":"./spec/features/01_signin_spec.rb",":line_number":69,":run_time":0.19278932,":exception":{":class":"RSpec::Expectations::ExpectationNotMetError",":message":"Expect '/users/sign_up' page to have exactly one <form> tag, but couldn't find one. ",":backtrace":["./spec/features/01_signin_spec.rb:72:in `block (2 levels) in <main>'","/home/student/.rvm/ruby-3.2.1/gems/webmock-3.23.1/lib/webmock/rspec.rb:39:in `block (2 levels) in <top (required)>'"]}},{":description":"has a label with the text 'Email'",":full_description":"/users/sign_up has a label with the text 'Email'",":hint":null,":status":"failed",":points":1,":file_path":"./spec/features/01_signin_spec.rb",":line_number":78,":run_time":0.194817196,":exception":{":class":"RSpec::Expectations::ExpectationNotMetError",":message":"Expected page to have exactly 1 label tag with text 'Email', but didn't find one.",":backtrace":["./spec/features/01_signin_spec.rb:81:in `block (2 levels) in <main>'","/home/student/.rvm/ruby-3.2.1/gems/webmock-3.23.1/lib/webmock/rspec.rb:39:in `block (2 levels) in <top (required)>'"]}},{":description":"has a label with the text 'Password'",":full_description":"/users/sign_up has a label with the text 'Password'",":hint":null,":status":"failed",":points":1,":file_path":"./spec/features/01_signin_spec.rb",":line_number":87,":run_time":0.195404051,":exception":{":class":"RSpec::Expectations::ExpectationNotMetError",":message":"Expected page to have exactly 1 label tag with text 'Password', but didn't find one.",":backtrace":["./spec/features/01_signin_spec.rb:90:in `block (2 levels) in <main>'","/home/student/.rvm/ruby-3.2.1/gems/webmock-3.23.1/lib/webmock/rspec.rb:39:in `block (2 levels) in <top (required)>'"]}},{":description":"has a label with the text 'Password confirmation'",":full_description":"/users/sign_up has a label with the text 'Password confirmation'",":hint":null,":status":"failed",":points":1,":file_path":"./spec/features/01_signin_spec.rb",":line_number":96,":run_time":0.193916635,":exception":{":class":"RSpec::Expectations::ExpectationNotMetError",":message":"Expected page to have exactly 1 label tag with text 'Password confirmation', but didn't find one.",":backtrace":["./spec/features/01_signin_spec.rb:99:in `block (2 levels) in <main>'","/home/student/.rvm/ruby-3.2.1/gems/webmock-3.23.1/lib/webmock/rspec.rb:39:in `block (2 levels) in <top (required)>'"]}},{":description":"creates a new user record when the form is submitted",":full_description":"/users/sign_up creates a new user record when the form is submitted",":hint":null,":status":"failed",":points":1,":file_path":"./spec/features/01_signin_spec.rb",":line_number":105,":run_time":0.000831752,":exception":{":class":"NameError",":message":"uninitialized constant User",":backtrace":["./spec/features/01_signin_spec.rb:106:in `block (2 levels) in <main>'","/home/student/.rvm/ruby-3.2.1/gems/webmock-3.23.1/lib/webmock/rspec.rb:39:in `block (2 levels) in <top (required)>'"]}},{":description":"lists the names of each Board record in the database",":full_description":"/boards lists the names of each Board record in the database",":hint":null,":status":"failed",":points":2,":file_path":"./spec/features/02_boards_spec.rb",":line_number":4,":run_time":0.000778322,":exception":{":class":"NameError",":message":"uninitialized constant User",":backtrace":["./spec/features/02_boards_spec.rb:5:in `block (2 levels) in <main>'","/home/student/.rvm/ruby-3.2.1/gems/webmock-3.23.1/lib/webmock/rspec.rb:39:in `block (2 levels) in <top (required)>'"]}},{":description":"has a form",":full_description":"/boards has a form",":hint":null,":status":"failed",":points":1,":file_path":"./spec/features/02_boards_spec.rb",":line_number":31,":run_time":0.000810582,":exception":{":class":"NameError",":message":"uninitialized constant User",":backtrace":["./spec/features/02_boards_spec.rb:32:in `block (2 levels) in <main>'","/home/student/.rvm/ruby-3.2.1/gems/webmock-3.23.1/lib/webmock/rspec.rb:39:in `block (2 levels) in <top (required)>'"]}},{":description":"has a label for 'Name' with text: 'Name'",":full_description":"/boards has a label for 'Name' with text: 'Name'",":hint":["Make sure that the text exactly matches the target, including capitalization.","Make sure that you have a `for=\"\"` attribute on each `<label>` and that it matches the `id=\"\"` attribute on the corresponding `<input>`; otherwise our test won't know which input goes with which label (and neither would screen readers, etc)."],":status":"failed",":points":1,":file_path":"./spec/features/02_boards_spec.rb",":line_number":52,":run_time":0.000710496,":exception":{":class":"NameError",":message":"uninitialized constant User",":backtrace":["./spec/features/02_boards_spec.rb:53:in `block (2 levels) in <main>'","/home/student/.rvm/ruby-3.2.1/gems/webmock-3.23.1/lib/webmock/rspec.rb:39:in `block (2 levels) in <top (required)>'"]}},{":description":"creates a Board when 'Add board' form is submitted",":full_description":"/boards creates a Board when 'Add board' form is submitted",":hint":["If you're not being sent anywhere when you click submit and you have an attribute `type=\"button\"` on your `<button>` element, try removing it or changing it to `type=\"submit\"`. Also, ensure that the `<button>` is within the `<form></form>`."],":status":"failed",":points":5,":file_path":"./spec/features/02_boards_spec.rb",":line_number":73,":run_time":0.000729602,":exception":{":class":"NameError",":message":"uninitialized constant User",":backtrace":["./spec/features/02_boards_spec.rb:74:in `block (2 levels) in <main>'","/home/student/.rvm/ruby-3.2.1/gems/webmock-3.23.1/lib/webmock/rspec.rb:39:in `block (2 levels) in <top (required)>'"]}},{":description":"has a 'Delete post' link if the user is the owner",":full_description":"/boards/[ID] has a 'Delete post' link if the user is the owner",":hint":null,":status":"failed",":points":0,":file_path":"./spec/features/02_boards_spec.rb",":line_number":100,":run_time":0.000714754,":exception":{":class":"NameError",":message":"uninitialized constant User",":backtrace":["./spec/features/02_boards_spec.rb:101:in `block (2 levels) in <main>'","/home/student/.rvm/ruby-3.2.1/gems/webmock-3.23.1/lib/webmock/rspec.rb:39:in `block (2 levels) in <top (required)>'"]}}],":summary":{":duration":1.475995647,":example_count":17,":errors_outside_of_examples_count":0,":failure_count":17,":pending_count":0,":total_points":21,":earned_points":0,":score":0.0},":summary_line":"17 tests, 17 failures, 0/21 points, 0.0%"}