{":version":"3.13.0",":examples":[{":description":"has a column called 'encrypted_password' of type 'string'",":full_description":"User has a column called 'encrypted_password' of type 'string'",":hint":null,":status":"passed",":points":1,":file_path":"./spec/features/00_user_model_spec.rb",":line_number":4,":run_time":0.046425147},{":description":"does not have a password column",":full_description":"User does not have a password column",":hint":null,":status":"passed",":points":1,":file_path":"./spec/features/00_user_model_spec.rb",":line_number":14,":run_time":0.000990078},{":description":"has form to sign in a User",":full_description":"/users/sign_in has form to sign in a User",":hint":null,":status":"passed",":points":1,":file_path":"./spec/features/01_signin_spec.rb",":line_number":4,":run_time":0.259574747},{":description":"has a label with the text 'Email'",":full_description":"/users/sign_in has a label with the text 'Email'",":hint":null,":status":"passed",":points":1,":file_path":"./spec/features/01_signin_spec.rb",":line_number":13,":run_time":0.005641119},{":description":"has a label with the text 'Password'",":full_description":"/users/sign_in has a label with the text 'Password'",":hint":null,":status":"passed",":points":1,":file_path":"./spec/features/01_signin_spec.rb",":line_number":22,":run_time":0.004363134},{":description":"redirects you to the homepage when form is submitted",":full_description":"/users/sign_in redirects you to the homepage when form is submitted",":hint":null,":status":"passed",":points":1,":file_path":"./spec/features/01_signin_spec.rb",":line_number":31,":run_time":0.117494609},{":description":"displays the 'Sign out' link when user is signed in",":full_description":"/users/sign_in displays the 'Sign out' link when user is signed in",":hint":null,":status":"passed",":points":1,":file_path":"./spec/features/01_signin_spec.rb",":line_number":50,":run_time":0.021792279},{":description":"has form to sign up a User",":full_description":"/users/sign_up has form to sign up a User",":hint":null,":status":"passed",":points":1,":file_path":"./spec/features/01_signin_spec.rb",":line_number":69,":run_time":0.008158648},{":description":"has a label with the text 'Email'",":full_description":"/users/sign_up has a label with the text 'Email'",":hint":null,":status":"passed",":points":1,":file_path":"./spec/features/01_signin_spec.rb",":line_number":78,":run_time":0.005107474},{":description":"has a label with the text 'Password'",":full_description":"/users/sign_up has a label with the text 'Password'",":hint":null,":status":"passed",":points":1,":file_path":"./spec/features/01_signin_spec.rb",":line_number":87,":run_time":0.004887913},{":description":"has a label with the text 'Password confirmation'",":full_description":"/users/sign_up has a label with the text 'Password confirmation'",":hint":null,":status":"passed",":points":1,":file_path":"./spec/features/01_signin_spec.rb",":line_number":96,":run_time":0.004694492},{":description":"creates a new user record when the form is submitted",":full_description":"/users/sign_up creates a new user record when the form is submitted",":hint":null,":status":"passed",":points":1,":file_path":"./spec/features/01_signin_spec.rb",":line_number":105,":run_time":0.017595553},{":description":"lists the names of each Board record in the database",":full_description":"/boards lists the names of each Board record in the database",":hint":null,":status":"passed",":points":2,":file_path":"./spec/features/02_boards_spec.rb",":line_number":4,":run_time":0.032754438},{":description":"has a form",":full_description":"/boards has a form",":hint":null,":status":"passed",":points":1,":file_path":"./spec/features/02_boards_spec.rb",":line_number":31,":run_time":0.023808971},{":description":"has a label for 'Name' with text: 'Name'",":full_description":"/boards has a label for 'Name' with text: 'Name'",":hint":["Make sure that the text exactly matches the target, including capitalization.","Make sure that you have a `for=\"\"` attribute on each `<label>` and that it matches the `id=\"\"` attribute on the corresponding `<input>`; otherwise our test won't know which input goes with which label (and neither would screen readers, etc)."],":status":"passed",":points":1,":file_path":"./spec/features/02_boards_spec.rb",":line_number":52,":run_time":0.022733674},{":description":"creates a Board when 'Add board' form is submitted",":full_description":"/boards creates a Board when 'Add board' form is submitted",":hint":["If you're not being sent anywhere when you click submit and you have an attribute `type=\"button\"` on your `<button>` element, try removing it or changing it to `type=\"submit\"`. Also, ensure that the `<button>` is within the `<form></form>`."],":status":"passed",":points":5,":file_path":"./spec/features/02_boards_spec.rb",":line_number":73,":run_time":0.038616718},{":description":"has a 'Delete post' link if the user is the owner",":full_description":"/boards/[ID] has a 'Delete post' link if the user is the owner",":hint":null,":status":"failed",":points":0,":file_path":"./spec/features/02_boards_spec.rb",":line_number":100,":run_time":0.042617598,":exception":{":class":"RSpec::Expectations::ExpectationNotMetError",":message":"/Delete post/i regexp expected within \"a\" in following template:\n<!DOCTYPE html>\n<html>\n  <head>\n    <title>Bulletin Board 2</title>\n    <meta name=\"viewport\" content=\"width=device-width,initial-scale=1\">\n    \n    <meta name=\"csp-nonce\" />\n\n    <link rel=\"stylesheet\" href=\"/assets/application-e0cf9d8fcb18bf7f909d8d91a5e78499f82ac29523d475bf3a9ab265d5e2b451.css\" data-turbo-track=\"reload\" />\n    <script type=\"importmap\" data-turbo-track=\"reload\">{\n  \"imports\": {\n    \"application\": \"/assets/application-37f365cbecf1fa2810a8303f4b6571676fa1f9c56c248528bc14ddb857531b95.js\",\n    \"@hotwired/turbo-rails\": \"/assets/turbo.min-918a6cf2f2be8ed9555c9a11eee69c7dc2f01770802815576efc931876b327fb.js\",\n    \"@hotwired/stimulus\": \"/assets/stimulus.min-dd364f16ec9504dfb72672295637a1c8838773b01c0b441bd41008124c407894.js\",\n    \"@hotwired/stimulus-loading\": \"/assets/stimulus-loading-3576ce92b149ad5d6959438c6f291e2426c86df3b874c525b30faad51b0d96b3.js\",\n    \"controllers/application\": \"/assets/controllers/application-368d98631bccbf2349e0d4f8269afb3fe9625118341966de054759d96ea86c7e.js\",\n    \"controllers/hello_controller\": \"/assets/controllers/hello_controller-549135e8e7c683a538c3d6d517339ba470fcfb79d62f738a0a089ba41851a554.js\",\n    \"controllers\": \"/assets/controllers/index-2db729dddcc5b979110e98de4b6720f83f91a123172e87281d5a58410fc43806.js\"\n  }\n}</script>\n<link rel=\"modulepreload\" href=\"/assets/application-37f365cbecf1fa2810a8303f4b6571676fa1f9c56c248528bc14ddb857531b95.js\">\n<link rel=\"modulepreload\" href=\"/assets/turbo.min-918a6cf2f2be8ed9555c9a11eee69c7dc2f01770802815576efc931876b327fb.js\">\n<link rel=\"modulepreload\" href=\"/assets/stimulus.min-dd364f16ec9504dfb72672295637a1c8838773b01c0b441bd41008124c407894.js\">\n<link rel=\"modulepreload\" href=\"/assets/stimulus-loading-3576ce92b149ad5d6959438c6f291e2426c86df3b874c525b30faad51b0d96b3.js\">\n<link rel=\"modulepreload\" href=\"/assets/controllers/application-368d98631bccbf2349e0d4f8269afb3fe9625118341966de054759d96ea86c7e.js\">\n<link rel=\"modulepreload\" href=\"/assets/controllers/hello_controller-549135e8e7c683a538c3d6d517339ba470fcfb79d62f738a0a089ba41851a554.js\">\n<link rel=\"modulepreload\" href=\"/assets/controllers/index-2db729dddcc5b979110e98de4b6720f83f91a123172e87281d5a58410fc43806.js\">\n<script type=\"module\">import \"application\"</script>\n  </head>\n\n  <body>\n    <nav>\n      <a href=\"/\">Bulletin Board</a>\n      \n        <a href=\"/users/sign_out\">Sign out</a>\n        <a href=\"/users/edit\">Edit profile</a>\n      \n    </nav>\n\n    <hr>\n\n\n\n    <div>\n  <div>\n    <h1>\n      Chicago\n    </h1>\n  </div>\n</div>\n\n<hr>\n\n<h2>\n  Add a new post\n</h2>\n\n  <form action=\"/insert_post\" method=\"post\">\n  <div>\n    <label for=\"title_box\">\n      Title\n    </label>\n\n    <input type=\"text\" id=\"title_box\" name=\"query_title\">\n  </div>\n  <div>\n    <label for=\"body_box\">\n      Body\n    </label>\n\n    <textarea id=\"body_box\" name=\"query_body\" rows=\"3\"></textarea>\n  </div>\n\n  <div>\n    <label for=\"expires_on_box\">\n      Expires on\n    </label>\n\n    <input type=\"date\" id=\"expires_on_box\" name=\"query_expires_on\">\n  </div>\n\n  <input type=\"hidden\" id=\"board_id_box\" name=\"query_board_id\" value=\"3\">\n\n  <button>\n    Add post\n  </button>\n</form>\n\n\n\n<hr>\n\n<h2>Active posts</h2>\n\n<table border=\"1\">\n  <tr>\n    <th>Title</th>\n    <th>Body</th>\n    <th>Posted on</th>\n    <th>Expires on</th>\n  </tr>\n\n    <tr>\n      <td>Guitar lessons</td>\n      <td>Learn with me</td>\n      <td>May 12, 2025</td>\n      <td>May 19, 2025</td>\n    </tr>\n</table>\n\n<h2>Expired posts</h2>\n\n<table border=\"1\">\n  <tr>\n    <th>Title</th>\n    <th>Body</th>\n    <th>Posted on</th>\n    <th>Expired on</th>\n  </tr>\n\n</table>\n\n  </body>\n</html>\n",":backtrace":["./spec/features/02_boards_spec.rb:129:in `block (2 levels) in <main>'","/home/student/.rvm/ruby-3.2.1/gems/webmock-3.23.1/lib/webmock/rspec.rb:39:in `block (2 levels) in <top (required)>'"]}}],":summary":{":duration":0.662176885,":example_count":17,":errors_outside_of_examples_count":0,":failure_count":1,":pending_count":0,":total_points":21,":earned_points":21,":score":1.0},":summary_line":"17 tests, 1 failures, 21/21 points, 100.0%"}